,report_dt,segment,replenishable_flg,subtraction_flg,month_maturity,target_maturity_days,balance_start,balance_gain,balance,newbusiness,contract_close,early_withdrawal,operations,interests,renewal,universal_weight_id
57,2023-09-30,mass,0,0,3,90,192249661904.47,72003228105.35564,264252890009.82565,82025321565.82362,-11328720526.40556,0.0,0.0,1306627065.9375792,9970161966.98444,2
58,2023-09-30,mass,0,0,6,180,382117718149.66,-37700384523.370514,344417333626.2895,60115510429.75591,-95814706272.18831,-3802812972.288641,0.0,1801624291.3505223,88419662.4516865,3
59,2023-09-30,mass,0,0,12,365,285235225927.33,-31549268328.210426,253685957599.11957,41670631175.9344,-72491577589.00325,-2077828376.470576,0.0,1349506461.3289995,20660994.32674485,5
60,2023-09-30,mass,0,0,18,548,9981287760.35,11136841962.584085,21118129722.934086,11135842160.442123,-57652990.64,-5806437.931939265,0.0,64459230.71390084,0.0,6
61,2023-09-30,mass,0,0,24,730,2164727680.41,560712966.3659856,2725440646.7759857,555049614.2265766,-5580818.616844579,-2724603.483823131,0.0,13968774.240076799,280007.44315542065,6
62,2023-09-30,mass,0,0,36,1095,52152343484.6,237956202.8790363,52390154026.71904,849968913.8436887,-1698386.6396649515,-987355425.3622525,0.0,377041101.03726506,824021.1503350486,7
63,2023-09-30,mass,0,1,12,365,11347734.56,-3042933.105167094,8304801.454832906,0.0,-3059561.33,0.0,0.0,16628.224832905882,0.0,5
64,2023-09-30,mass,0,1,18,548,1306511.43,-9392.787032166687,1297118.6429678332,0.0,-11860.93,0.0,0.0,2468.142967833314,0.0,6
65,2023-09-30,mass,0,1,24,730,5012019.54,-879751.1016491605,4132268.4383508395,0.0,-889856.1353445771,0.0,0.0,10105.033695416689,23872.29465542282,6
66,2023-09-30,mass,0,1,36,1095,10774310.17,27212.85333408309,10801523.023334082,0.0,0.0,0.0,0.0,27212.85333408309,0.0,7
67,2023-09-30,mass,1,0,12,365,5188775.640000001,-4286951.014971666,901824.6250283334,0.0,-4289461.6,0.0,0.0,2510.5850283333566,0.0,5
68,2023-09-30,mass,1,0,18,548,16247568.35,-5648350.513303074,10599217.836696927,0.0,-5674430.020958491,0.0,0.0,26079.507655416863,1231225.13904151,6
69,2023-09-30,mass,1,0,24,730,23229931.34,-1331417.3470489697,21898513.99295103,0.0,-1388378.93,0.0,0.0,56961.58295103028,0.0,6
70,2023-09-30,mass,1,0,36,1095,24128471.39,-3937148.841080028,20191322.548919972,0.0,0.0,0.0,-4000718.7551983837,63569.91411835562,0.0,7
71,2023-09-30,mass,1,1,3,90,489657877.64000005,13530522.161480447,503188399.8014805,91904454.2867029,-78376990.40371045,0.0,0.0,3058.278488000517,44287468.67628955,2
72,2023-09-30,mass,1,1,6,180,8137393379.75,-2667903232.1789193,5469490147.571081,19977327.215264738,-2538428062.455871,0.0,-158693537.33459643,9241040.396283621,3205374842.724129,3
73,2023-09-30,mass,1,1,12,365,3314240027.17,-545876001.031486,2768364026.138514,14491899.597416848,-25306933.131349985,0.0,-549841469.8301283,14780502.332575496,11107206.198650014,5
74,2023-09-30,mass,1,1,18,548,82241966.43,-3257485.508234892,78984480.9217651,1922692.8155878095,-1305220.827955427,0.0,-4040509.4505674094,165551.95470013472,1542074.4920445727,6
75,2023-09-30,mass,1,1,24,730,14630842295.45,-2756966687.3696365,11873875608.080364,8626461.117475979,-268557691.9804568,0.0,-2554872737.4476147,57837280.94095895,140153280.24954316,6
76,2023-09-30,mass,1,1,36,1095,213148439.62,-15060936.468703728,198087503.1512963,1308856.2841639614,-564417.9936903268,0.0,-16360339.92079101,554965.1616136467,2099567.766309673,7
77,2023-09-30,priv,0,0,3,90,208376767713.14,41550301036.61388,249927068749.75388,56965234602.199066,-16807972311.82667,0.0,0.0,1393038746.241479,11266044041.673336,2
78,2023-09-30,priv,0,0,6,180,335130666181.74,-26852948379.903038,308277717801.837,35848532528.80986,-57694067974.148735,-6735834727.600642,0.0,1728421793.0364792,26195876.451261982,3
79,2023-09-30,priv,0,0,12,365,281103474761.74,-21964887288.668175,259138587473.07184,46928707224.73846,-66203294840.22481,-4058004859.118441,0.0,1367705185.9366198,22770470.045191575,5
80,2023-09-30,priv,0,0,18,548,18006651511.89,11878249074.67274,29884900586.56274,11862247703.54756,-67948448.99802253,-33678853.51992807,0.0,117628673.64313088,16459257.881977469,6
81,2023-09-30,priv,0,0,24,730,4798110113.12,3543721026.609417,8341831139.729417,3523065580.093794,0.0,-11678489.270612726,0.0,32333935.786235895,0.0,6
82,2023-09-30,priv,0,0,36,1095,66778062728.89,1207165973.9518216,67985228702.84182,3049271863.515657,0.0,-2328550955.128508,0.0,486445065.56467265,0.0,7
83,2023-09-30,priv,0,1,12,365,1501776.6700000002,-1500471.9139825,1304.7560174999999,0.0,-1500475.33,0.0,0.0,3.4160174999999526,0.0,5
84,2023-09-30,priv,0,1,18,548,2938788.69,735.4314619166544,2939524.1214619162,0.0,0.0,0.0,0.0,735.4314619166544,0.0,6
85,2023-09-30,priv,0,1,24,730,1557898.6,4089.3449475001153,1561987.9449475002,0.0,0.0,0.0,0.0,4089.3449475001153,0.0,6
86,2023-09-30,priv,0,1,36,1095,1438.19,3.655399583333292,1441.8453995833333,0.0,0.0,0.0,0.0,3.655399583333292,0.0,7
87,2023-09-30,priv,1,0,3,90,,103205749.53694879,103205749.53694879,103205749.53694879,0.0,0.0,0.0,0.0,0.0,2
88,2023-09-30,priv,1,0,6,180,,74993494.76410815,74993494.76410815,74993494.76410815,0.0,0.0,0.0,0.0,0.0,3
89,2023-09-30,priv,1,0,12,365,800491.0399999999,44764093.83960585,45564584.879605845,44873407.75509252,-111238.08,0.0,0.0,1924.1645133333514,0.0,5
90,2023-09-30,priv,1,0,18,548,14148907.96,3060539.7982021864,17209447.758202188,6268638.604742603,-3238556.87,0.0,0.0,30458.063459583165,0.0,6
91,2023-09-30,priv,1,0,24,730,14405930.68,4013535.837271011,18419466.517271012,4890874.163137678,-918744.84,0.0,0.0,41406.514133332734,0.0,6
92,2023-09-30,priv,1,0,36,1095,15709498.27,134116823.458162,149826321.728162,133621461.92691074,0.0,0.0,438572.65733327006,56788.873917988356,0.0,7
93,2023-09-30,priv,1,1,3,90,2669096654.53,19595185154.118244,22264281808.648247,20223409180.342297,-628323372.3935387,0.0,0.0,99346.16948832874,640829917.9364612,2
94,2023-09-30,priv,1,1,6,180,45507668522.36,-7890900391.240195,37616768131.119804,7490582408.555836,-14897041578.418587,0.0,-499843306.21723866,15402084.83979421,23437697363.461414,3
95,2023-09-30,priv,1,1,12,365,6404359370.62,4976808963.487668,11381168334.107668,6702718381.484139,-11291759.26021592,0.0,-1739507609.3133225,24889950.57706755,5874091.289784082,5
96,2023-09-30,priv,1,1,18,548,75470950.85,6681070143.356741,6756541094.20674,6688363299.150145,-8318.225348975899,0.0,-7445292.352992348,160454.7849375567,21937.8446510241,6
97,2023-09-30,priv,1,1,24,730,19183993412.69,-2942821701.8622193,16241171710.82778,3810983627.226494,-274006306.2921387,0.0,-6542584695.451835,62785672.65526011,91319340.68786135,6
98,2023-09-30,priv,1,1,36,1095,331639005.57000005,826848527.3960251,1158487532.966025,902155946.3304473,-1189.5800000000002,0.0,-76862394.54347453,1556165.1890523809,0.0,7
99,2023-09-30,vip,0,0,3,90,47991199.39,23426220119.77781,23474211319.16781,23435731842.668175,-9512043.55,0.0,0.0,320.6596320000972,0.0,2
100,2023-09-30,vip,0,0,6,180,55032984639.689995,6350975758.5203705,61383960398.210365,22631567033.523655,-10093498643.00367,-6426359517.499479,0.0,239266885.4998647,3556076.586329446,3
101,2023-09-30,vip,0,0,12,365,70388313812.84,16642560059.90132,87030873872.74132,31617638683.224903,-7778420819.728245,-7554424195.2515545,0.0,357766391.65621644,2127460.6617547157,5
102,2023-09-30,vip,0,0,18,548,231717687.63,17175168384.842073,17406886072.472073,17243715900.53998,-56765514.64868962,-12658782.333818184,0.0,876781.2846002368,2480233.7013103813,6
103,2023-09-30,vip,0,0,24,730,2475469762.8199997,2962010990.507949,5437480753.327949,3456113801.0004096,-539537.2,-506870341.3794224,0.0,13307068.086961923,0.0,6
104,2023-09-30,vip,0,0,36,1095,31119486823.649998,-6235361585.850479,24884125237.79952,4194764546.9821115,0.0,-10573767479.359043,0.0,143641346.52645266,0.0,7
105,2023-09-30,vip,1,0,18,548,26091853.99,81537.04371875152,26173391.03371875,0.0,0.0,0.0,0.0,81537.04371875152,0.0,6
106,2023-09-30,vip,1,0,24,730,7912936.78,24322.14367333299,7937258.923673333,0.0,0.0,0.0,0.0,24322.14367333299,0.0,6
107,2023-09-30,vip,1,0,36,1095,70580010.96000001,-27098206.594343502,43481804.365656495,0.0,0.0,0.0,-27257069.123358827,158862.52901532463,0.0,7
108,2023-09-30,vip,1,1,3,90,605609936208.6901,-10144672804.548635,595465263404.1414,13968961268.8524,-8258862328.76702,0.0,-20612999604.77527,4758227860.1412525,4326677494.952981,2
109,2023-09-30,vip,1,1,6,180,95236317170.63,45444687574.25423,140681004744.88422,61787383287.87215,-11813115771.396114,0.0,-4997582477.127338,468002534.90553117,12127104784.253887,3
110,2023-09-30,vip,1,1,12,365,172870117398.44,117889282110.88226,290759399509.32227,116451750242.97604,-344053764.30634946,0.0,442395234.38642406,1339190397.8261464,20549506.173650548,5
111,2023-09-30,vip,1,1,18,548,24918404368.55,24037686167.697838,48956090536.24784,25521195873.718792,-62481079.19754623,0.0,-1574672585.8324451,153643959.0090404,7323541.872453778,6
112,2023-09-30,vip,1,1,24,730,26896225039.71,26252963807.441177,53149188847.15118,27978535468.52949,-153929420.0746561,0.0,-1731354949.2883294,159712708.27467385,25339815.9053439,6
113,2023-09-30,vip,1,1,36,1095,270798848435.1,35710140797.128006,306508989232.228,14388037809.454508,0.0,0.0,18786062931.7985,2536040055.875002,0.0,7
114,2023-10-31,mass,0,0,3,90,264252890009.82565,40699623262.032745,304952513271.8584,55778813888.005325,-15262424825.571983,-1760803542.0118241,0.0,1944037741.6112275,12730004783.892864,2
115,2023-10-31,mass,0,0,6,180,344417333626.2895,-18389569206.113876,326027764420.1756,40879716214.86357,-57565989401.1039,-3644373974.2119904,0.0,1941077954.3384402,58025665.274288684,3
116,2023-10-31,mass,0,0,12,365,253685957599.11957,-17076552021.70146,236609405577.41812,28336839607.424446,-44365938756.507484,-2455465907.3060484,0.0,1408013034.687627,20682984.489113178,5
117,2023-10-31,mass,0,0,18,548,21118129722.934086,7368065864.129816,28486195587.0639,7572589238.251863,-103081508.57533279,-256948269.76831573,0.0,155506404.22160146,3039251.462556788,6
118,2023-10-31,mass,0,0,24,730,2725440646.7759857,371680336.2387744,3097120983.01476,377444532.24372435,-9435528.056198724,-14851477.576551251,0.0,18522809.62780002,2327515.6974479337,6
119,2023-10-31,mass,0,0,36,1095,52390154026.71904,121632795.15912938,52511786821.87817,577995391.5551724,-1667160.4816434274,-835755585.2311602,0.0,381060149.31676054,202922.0762415726,7
120,2023-10-31,mass,0,1,12,365,8304801.454832906,-2022683.844549302,6282117.610283604,0.0,-2034496.4507929168,0.0,0.0,11812.606243614822,0.0,5
121,2023-10-31,mass,0,1,18,548,1297118.6429678332,-118615.96702342507,1178502.6759444082,0.0,-120773.55054375001,0.0,0.0,2157.5835203249476,0.0,6
122,2023-10-31,mass,0,1,24,730,4132268.4383508395,10309.812435256354,4142578.250786096,0.0,0.0,0.0,0.0,10309.812435256354,0.0,6
123,2023-10-31,mass,0,1,36,1095,10801523.023334082,25479.04889790293,10827002.072231986,0.0,-1793.907663783594,0.0,0.0,27272.956561686522,1771.2107062164052,7
124,2023-10-31,mass,1,0,18,548,10599217.836696927,-1219461.13714567,9379756.699551256,0.0,-1242016.797682335,0.0,0.0,22555.660536665047,50011.60367224864,6
125,2023-10-31,mass,1,0,24,730,21898513.99295103,57118.77702065928,21955632.76997169,0.0,0.0,0.0,0.0,57118.77702065928,0.0,6
126,2023-10-31,mass,1,0,36,1095,20191322.548919972,-554909.3694003462,19636413.179519627,0.0,-43873.43893333333,0.0,-572508.0244908893,61472.09402387646,0.0,7
127,2023-10-31,mass,1,1,3,90,503188399.8014805,-112486867.48331836,390701532.3181621,83348647.45643125,-195240027.04948276,0.0,-1623883.0884703519,1028395.1982035079,116126416.3492564,2
128,2023-10-31,mass,1,1,6,180,5469490147.571081,-710408666.872616,4759081480.698465,18117546.272485524,-753304617.0813948,0.0,-912703.5830955582,25691107.519388836,619910785.4654249,3
129,2023-10-31,mass,1,1,12,365,2768364026.138514,-117416724.78476955,2650947301.3537445,13142782.250259828,-13527589.217360007,0.0,-131312713.98250449,14280796.16483511,7923679.481729088,5
130,2023-10-31,mass,1,1,18,548,78984480.9217651,-12082752.224083502,66901728.697681606,1743700.5300474071,-13148926.304770531,0.0,-761285.3240544116,83758.87469403486,7455116.414597323,6
131,2023-10-31,mass,1,1,24,730,11873875608.080364,-415689840.08895296,11458185767.991411,7823384.318611266,-179812745.47236937,0.0,-300223158.26192033,56522679.32672549,100460452.81989619,6
132,2023-10-31,mass,1,1,36,1095,198087503.1512963,-6161018.200530259,191926484.95076603,1187008.8544304692,-2651168.870749884,0.0,-5242858.988019729,546000.803808885,1099463.311840366,7
133,2023-10-31,priv,0,0,3,90,249927068749.75388,28456544498.857883,278383613248.61176,47124149052.67825,-19778954039.821213,-713171339.2336982,0.0,1824520825.234543,13038490742.875124,2
134,2023-10-31,priv,0,0,6,180,308277717801.837,-15580041692.785404,292697676109.0516,29655483770.13453,-43472255253.78776,-3523734792.717466,0.0,1760464583.5852897,10999990.398231275,3
135,2023-10-31,priv,0,0,12,365,259138587473.07184,-9056246371.488895,250082341101.58295,38821491907.32383,-44959197591.508125,-4381578098.246374,0.0,1463037410.9417753,12332172.313337024,5
136,2023-10-31,priv,0,0,18,548,29884900586.56274,9403765720.605873,39288666307.16861,9812973347.435072,-177738806.45539925,-448372386.2985899,0.0,216903565.92478913,9639207.758050472,6
137,2023-10-31,priv,0,0,24,730,8341831139.729417,2832113175.3507886,11173944315.080206,2914434894.862898,-2413208.139515,-141714959.59789452,0.0,61806448.22530036,0.0,6
138,2023-10-31,priv,0,0,36,1095,67985228702.84182,820911163.3021935,68806139866.14401,2522491881.2658186,-3246999.218928731,-2199303914.6452017,0.0,500970195.9005054,0.0,7
139,2023-10-31,priv,0,1,18,548,2939524.1214619162,737.3038120973506,2940261.4252740135,0.0,0.0,0.0,0.0,737.3038120973506,0.0,6
140,2023-10-31,priv,0,1,24,730,1561987.9449475002,4100.07912500697,1566088.0240725072,0.0,0.0,0.0,0.0,4100.07912500697,0.0,6
141,2023-10-31,priv,0,1,36,1095,1441.8453995833333,3.664690390607575,1445.510089973941,0.0,0.0,0.0,0.0,3.664690390607575,0.0,7
142,2023-10-31,priv,1,0,3,90,103205749.53694879,72691212.02561542,175896961.5625642,64256403.75389381,0.0,0.0,7594842.477677781,839965.794043839,0.0,2
143,2023-10-31,priv,1,0,6,180,74993494.76410815,53764762.131738186,128758256.89584634,46691316.13401894,0.0,0.0,6480997.389082788,592448.6086364556,0.0,3
144,2023-10-31,priv,1,0,12,365,45564584.879605845,31796486.290075235,77361071.16968107,27938402.84539617,-691177.1245133333,0.0,4194760.647927159,354499.92126523517,0.0,5
145,2023-10-31,priv,1,0,18,548,17209447.758202188,2014214.901087705,19223662.65928989,3902885.013488317,-1234391.2756508333,0.0,-725169.3272839184,70890.49053413974,0.0,6
146,2023-10-31,priv,1,0,24,730,18419466.517271012,2479190.539061047,20898657.05633206,3045082.142672198,0.0,0.0,-640648.0454589933,74756.44184784255,0.0,6
147,2023-10-31,priv,1,0,36,1095,149826321.728162,65890242.64191547,215716564.3700775,83193374.84862927,0.0,0.0,-18263990.712997008,960858.5062832056,0.0,7
148,2023-10-31,priv,1,1,3,90,22264281808.648247,8847031246.852764,31111313055.501007,9529320628.311205,-290391009.2482029,0.0,-553877985.4106905,161979613.200452,319071405.5908855,2
149,2023-10-31,priv,1,1,6,180,37616768131.119804,1580868570.2839797,39197636701.403786,3529581032.919988,-1252619757.800758,0.0,-931696515.9650772,235603811.1298265,1026429915.14722,3
150,2023-10-31,priv,1,1,12,365,11381168334.107668,2460505060.861766,13841673394.969435,3158337546.7932057,-9387225.807170196,0.0,-760445761.5937798,72000501.46951024,5638302.0269759875,5
151,2023-10-31,priv,1,1,18,548,6756541094.20674,2886707514.075255,9643248608.281996,3151573396.3482146,-16767065.137042757,0.0,-297590363.7618631,49491546.625946134,0.0,6
152,2023-10-31,priv,1,1,24,730,16241171710.82778,-72676063.86014822,16168495646.967632,1795744949.2930152,-168743058.96067113,0.0,-1781968874.4053147,82290920.21282241,56013959.45766178,6
153,2023-10-31,priv,1,1,36,1095,1158487532.966025,359159923.05125684,1517647456.017282,425098122.3124733,0.0,0.0,-73870939.90941669,7932740.648200228,0.0,7
154,2023-10-31,vip,0,0,3,90,23474211319.16781,12700973314.594633,36175184633.76244,12581939161.396587,-7436567.240877249,-90764189.33609642,0.0,217234909.77501944,0.0,2
155,2023-10-31,vip,0,0,6,180,61383960398.210365,5357252118.153676,66741212516.364044,12150207275.560137,-6802254705.579825,-391371057.64953065,0.0,400670605.8228948,8108590.959851933,3
156,2023-10-31,vip,0,0,12,365,87030873872.74132,3057369826.6314473,90088243699.37277,16974558721.272001,-13600777135.016539,-867358818.4971726,0.0,550947058.8731571,0.0,5
157,2023-10-31,vip,0,0,18,548,17406886072.472073,9074619654.887201,26481505727.359276,9257632141.958319,-25871584.24626224,-311376433.84291947,0.0,154235531.0180649,0.0,6
158,2023-10-31,vip,0,0,24,730,5437480753.327949,1675987572.6241155,7113468325.9520645,1855483492.9404747,0.0,-222293073.77013582,0.0,42797153.45377653,0.0,6
159,2023-10-31,vip,0,0,36,1095,24884125237.79952,574132234.4995617,25458257472.29908,2252042849.817119,0.0,-1847179059.2493205,0.0,169268443.93176308,0.0,7
160,2023-10-31,vip,1,0,18,548,26173391.03371875,81791.84698037058,26255182.88069912,0.0,0.0,0.0,0.0,81791.84698037058,0.0,6
161,2023-10-31,vip,1,0,24,730,7937258.923673333,24396.90871546406,7961655.832388797,0.0,0.0,0.0,0.0,24396.90871546406,0.0,6
162,2023-10-31,vip,1,0,36,1095,43481804.365656495,-20133923.27427064,23347881.09138586,0.0,-36333.374480000006,0.0,-20181213.77865002,83623.87885938198,0.0,7
163,2023-10-31,vip,1,1,3,90,595465263404.1414,-25236582017.26245,570228681386.8789,8932379352.01708,-24394795813.654373,0.0,-14382031504.34827,4607865948.723116,12028097209.428537,2
164,2023-10-31,vip,1,1,6,180,140681004744.88422,31188922195.719624,171869926940.60385,39509619654.1388,-3272545056.1191816,0.0,-6047555122.0035925,999402719.7035946,1628378777.7415898,3
165,2023-10-31,vip,1,1,12,365,290759399509.32227,62853292513.527466,353612692022.84973,74464463703.2532,-9179756866.042536,0.0,-4654510069.025641,2223095745.3424406,713156392.4346024,5
166,2023-10-31,vip,1,1,18,548,48956090536.24784,11734852430.709648,60690942966.95749,16319395456.375078,-1739812805.0979128,0.0,-3172513126.3514733,327782905.78395617,7212012.863839677,6
167,2023-10-31,vip,1,1,24,730,53149188847.15118,13515187859.226843,66664376706.37802,17890728430.611637,-406057624.93726337,0.0,-4321337267.571347,351854321.1238153,86360743.13661358,6
168,2023-10-31,vip,1,1,36,1095,306508989232.228,29535920443.890606,336044909676.11865,9200355657.924368,0.0,0.0,17492007544.031494,2843557241.9347425,0.0,7
169,2023-11-30,mass,0,0,3,90,304952513271.8584,-11541302925.29651,293411210346.5619,66389751084.416595,-78076221783.87039,-1228437622.372482,0.0,1373605396.5297682,66204395567.78147,2
170,2023-11-30,mass,0,0,6,180,326027764420.1756,-4940410582.8521385,321087353837.3235,48656362420.24857,-52604776792.300125,-2937398869.5807667,0.0,1945402658.7801797,1556530546.0331924,3
171,2023-11-30,mass,0,0,12,365,236609405577.41812,7556038188.83113,244165443766.24924,33727424391.51249,-25058130011.53753,-2585877970.543972,0.0,1472621779.400142,18179945.279761408,5
172,2023-11-30,mass,0,0,18,548,28486195587.0639,8723785375.938368,37209980963.002266,9013141003.706118,-98314120.9281894,-407360869.60938746,0.0,216319362.76982746,456104.40147972276,6
173,2023-11-30,mass,0,0,24,730,3097120983.01476,441166058.61752045,3538287041.6322803,449246708.51101553,-7064674.487740933,-22619826.78059239,0.0,21603851.374838203,441082.29005543183,6
174,2023-11-30,mass,0,0,36,1095,52511786821.87817,265015844.754588,52776802666.63275,687948837.5341651,-1051825.10532695,-804932597.6623166,0.0,383051429.9880663,957936.0768439119,7
175,2023-11-30,mass,0,1,12,365,6282117.610283604,-1567938.2653652725,4714179.344918331,0.0,-1576099.5280281045,0.0,0.0,8161.262662831858,0.0,5
176,2023-11-30,mass,0,1,18,548,1178502.6759444082,-331948.95223052753,846553.7237138808,0.0,-333235.19899176405,0.0,0.0,1286.2467612365263,857.2441103443726,6
177,2023-11-30,mass,0,1,24,730,4142578.250786096,-861415.4273554649,3281162.823430631,0.0,-869470.41881675,0.0,0.0,8054.991461285173,0.0,6
178,2023-11-30,mass,0,1,36,1095,10827002.072231986,27355.52845428957,10854357.600686276,0.0,0.0,0.0,0.0,27355.52845428957,0.0,7
179,2023-11-30,mass,1,0,18,548,9379756.699551256,-3005111.060833561,6374645.638717696,0.0,-3019301.1949590775,0.0,0.0,14190.134125516597,0.0,6
180,2023-11-30,mass,1,0,24,730,21955632.76997169,-2061269.3052397761,19894363.464731913,0.0,-2107175.5200231113,0.0,0.0,45906.21478333521,1979204.631147522,6
181,2023-11-30,mass,1,0,36,1095,19636413.179519627,-1393728.4097671206,18242684.769752506,0.0,-1033123.396623352,0.0,-417075.84830873384,56470.83516496509,0.0,7
182,2023-11-30,mass,1,1,3,90,390701532.3181621,26598114.639510103,417299646.9576722,58756087.51826476,-31489289.865859497,0.0,-3203752.01099497,2535068.9980998095,22006657.28211477,2
183,2023-11-30,mass,1,1,6,180,4759081480.698465,-108051838.0700909,4651029642.628374,12771846.537267737,-149080204.83021078,0.0,-759354.0621584083,29015874.28501053,139203372.53185177,3
184,2023-11-30,mass,1,1,12,365,2650947301.3537445,-81238726.81874397,2569708574.5350003,9264918.960243765,-17317233.469895415,0.0,-87166054.9904074,13979642.68131508,10857234.507272804,5
185,2023-11-30,mass,1,1,18,548,66901728.697681606,-664742.1157900533,66236986.58189155,1229210.3600441176,-1280137.3949914207,0.0,-758804.2856228411,144989.20478009092,832641.7630897271,6
186,2023-11-30,mass,1,1,24,730,11458185767.991411,-1524200953.6518538,9933984814.339556,5515043.947817236,-1374433976.853744,0.0,-201990380.4973993,46708359.751472235,565933505.4166132,6
187,2023-11-30,mass,1,1,36,1095,191926484.95076603,-5688133.300011741,186238351.65075427,836774.1800768757,-2451405.1582512334,0.0,-4606045.018502986,532542.6966656023,738999.943347244,7
188,2023-11-30,priv,0,0,3,90,278383613248.61176,-19380213278.222164,259003399970.3896,64770770891.952934,-84542427591.25937,-754612088.7616036,0.0,1146055509.8458748,65224146831.47489,2
189,2023-11-30,priv,0,0,6,180,292697676109.0516,-22997156770.787403,269700519338.26416,40760599046.96031,-63715620395.519585,-1655844667.1875935,0.0,1613709244.95946,2293326704.049498,3
190,2023-11-30,priv,0,0,12,365,250082341101.58295,27159835230.412987,277242176331.9959,53359010370.71707,-23334821374.848625,-4489066893.100499,0.0,1624713127.645038,4483758.881720734,5
191,2023-11-30,priv,0,0,18,548,39288666307.16861,12909871896.40577,52198538203.57438,13487646169.37808,-143135984.16886848,-731697939.9246202,0.0,297059651.12117773,6664621.860609846,6
192,2023-11-30,priv,0,0,24,730,11173944315.080206,3850422169.8102994,15024366484.890505,4005805911.6072063,-3528106.0545843914,-237279560.75251392,0.0,85423925.01019146,439438.88332764234,6
193,2023-11-30,priv,0,0,36,1095,68806139866.14401,1873511290.0457742,70679651156.18979,3467091650.5174303,-9310647.666338138,-2095905160.800918,0.0,511635447.9955999,0.0,7
194,2023-11-30,priv,0,1,18,548,2940261.4252740135,-273103.46743636834,2667157.9578376454,0.0,-273125.69356746576,0.0,0.0,22.2261310974136,0.0,6
195,2023-11-30,priv,0,1,24,730,1566088.0240725072,4110.8414788325845,1570198.8655513397,0.0,0.0,0.0,0.0,4110.8414788325845,0.0,6
196,2023-11-30,priv,0,1,36,1095,1445.510089973941,3.674004812017074,1449.184094785958,0.0,0.0,0.0,0.0,3.674004812017074,0.0,7
197,2023-11-30,priv,1,0,3,90,175896961.5625642,101142142.879021,277039104.4415852,88318556.18722819,0.0,0.0,11392005.295875492,1431581.3959173206,0.0,2
198,2023-11-30,priv,1,0,6,180,128758256.89584634,75751631.05230439,204509887.94815072,64175854.64683117,0.0,0.0,10558586.175996019,1017190.2294771932,0.0,3
199,2023-11-30,priv,1,0,12,365,77361071.16968107,46075863.331993274,123436934.50167434,38400521.30731037,0.0,0.0,7064189.562442419,611152.4622404808,0.0,5
200,2023-11-30,priv,1,0,18,548,19223662.65928989,3780364.4352042056,23004027.094494097,5364401.821743264,-1737536.8742593974,0.0,59776.98138791951,93722.50633241929,0.0,6
201,2023-11-30,priv,1,0,24,730,20898657.05633206,3367896.60233395,24266553.658666007,4185376.7500336124,0.0,0.0,-909318.5506383865,91838.40293872384,0.0,6
202,2023-11-30,priv,1,0,36,1095,215716564.3700775,89794777.784899,305511342.1549765,114346871.62255877,0.0,0.0,-25966366.97294886,1414273.1352890872,0.0,7
203,2023-11-30,priv,1,1,3,90,31111313055.501007,12080057767.616005,43191370823.11701,13097773765.25862,-420246708.97228706,0.0,-832608269.6145766,235138980.9442481,339579307.70636225,2
204,2023-11-30,priv,1,1,6,180,39197636701.403786,3781759207.72967,42979395909.13345,4851306368.891347,-357545720.5105614,0.0,-973992739.4489021,261991298.79778615,282478957.481888,3
205,2023-11-30,priv,1,1,12,365,13841673394.969435,3751501885.863364,17593175280.832798,4341043005.659729,-14085590.701182945,0.0,-667905115.4970964,92449586.40191531,16460480.617898988,5
206,2023-11-30,priv,1,1,18,548,9643248608.281996,4021782495.2843304,13665031103.566326,4331745877.80578,-2851741.9524269695,0.0,-378417190.2755722,71305549.70654915,429699.1581911598,6
207,2023-11-30,priv,1,1,24,730,16168495646.967632,-481374427.6156148,15687121219.352018,2468199151.1617346,-1711787285.6245816,0.0,-1316254961.5865417,78468668.43377388,429880055.03784394,6
208,2023-11-30,priv,1,1,36,1095,1517647456.017282,498550035.76572174,2016197491.7830038,584284992.7352849,-7599944.764295618,0.0,-88707322.09598511,10572309.890717529,0.0,7
209,2023-11-30,vip,0,0,3,90,36175184633.76244,15595586434.632095,51770771068.39454,15351191601.698786,-18391697.785670973,-72871664.47818772,0.0,335658195.1971687,12651470.163994266,2
210,2023-11-30,vip,0,0,6,180,66741212516.364044,2228769222.8490214,68969981739.21306,14824436638.491476,-12793842976.679478,-234717416.87494642,0.0,432892977.91196936,14372429.87489901,3
211,2023-11-30,vip,0,0,12,365,90088243699.37277,8035465870.257115,98123709569.62988,20710615425.96185,-12606975722.297413,-687983485.8478954,0.0,619809652.4405748,0.0,5
212,2023-11-30,vip,0,0,18,548,26481505727.359276,11131233586.796936,37612739314.15621,11295213159.61224,-87642330.6154018,-312556944.8417788,0.0,236219702.6418781,25799.155786172665,6
213,2023-11-30,vip,0,0,24,730,7113468325.9520645,2089638838.2723925,9203107164.224457,2263870636.198249,-2407141.482533793,-229862498.08140433,0.0,58037841.638081856,0.0,6
214,2023-11-30,vip,0,0,36,1095,25458257472.29908,1304859706.0184617,26763117178.317543,2747711687.308854,0.0,-1622040708.0305367,0.0,179188726.74014434,0.0,7
215,2023-11-30,vip,1,0,18,548,26255182.88069912,82047.44650218636,26337230.327201307,0.0,0.0,0.0,0.0,82047.44650218636,0.0,6
216,2023-11-30,vip,1,0,24,730,7961655.832388797,24471.903598439763,7986127.735987237,0.0,0.0,0.0,0.0,24471.903598439763,0.0,6
217,2023-11-30,vip,1,0,36,1095,23347881.09138586,-10023426.393463736,13324454.697922122,0.0,-60501.041666666664,0.0,-10009022.90495935,46097.55316228072,0.0,7
218,2023-11-30,vip,1,1,3,90,570228681386.8789,-386296378301.5452,183932303085.3338,11720392612.355099,-397281370708.90796,0.0,-1106929508.8769324,371529303.88461006,125186311143.6572,2
219,2023-11-30,vip,1,1,6,180,171869926940.60385,43191195427.51304,215061122368.11688,51841534720.17058,-4670416985.253268,0.0,-5243437612.51604,1263515305.111765,1756111258.608006,3
220,2023-11-30,vip,1,1,12,365,353612692022.84973,95200402821.7744,448813094844.62415,97706637378.03647,-331785104.4238092,0.0,-5005555620.863993,2831106169.025738,119870876.11931188,5
221,2023-11-30,vip,1,1,18,548,60690942966.95749,18713773013.41318,79404715980.37067,21413076449.98395,-244923574.61523956,0.0,-2895028957.791401,440649095.8358701,0.0,6
222,2023-11-30,vip,1,1,24,730,66664376706.37802,15262622470.595675,81926999176.9737,23474860735.783833,-4538050089.967417,0.0,-4113114913.4144616,438926738.1937219,248889675.8308382,6
223,2023-11-30,vip,1,1,36,1095,336044909676.11865,33406767733.658947,369451677409.7775,12072010853.393278,0.0,0.0,18217518765.54995,3117238114.7157187,0.0,7
224,2023-09-30,vip,0,1,12,365,4251755.92,-4251755.92,0.0,0.0,-4251755.92,0.0,0.0,0.0,0.0,5
225,2023-09-30,vip,1,0,12,365,33367.65,-33367.65,0.0,0.0,-33367.65,0.0,0.0,0.0,0.0,5
226,2023-10-31,mass,1,0,12,365,901824.6250283334,-901824.6250283334,0.0,0.0,-901824.6250283334,0.0,0.0,0.0,0.0,5
227,2023-10-31,priv,0,1,12,365,1304.7560174999999,-1304.7560174999999,0.0,0.0,-1304.7560174999999,0.0,0.0,0.0,0.0,5
